{"v":"5.8.1","fr":29.9700012207031,"ip":0,"op":150.000006109625,"w":400,"h":400,"nm":"Comp 2","ddd":0,"assets":[{"id":"image_0","w":234,"h":234,"u":"images/","p":"img_0.png","e":0},{"id":"image_1","w":233,"h":233,"u":"images/","p":"img_1.png","e":0}],"layers":[{"ddd":0,"ind":1,"ty":2,"nm":"2.ai","cl":"ai","refId":"image_0","sr":1,"ks":{"o":{"a":0,"k":100,"ix":11},"r":{"a":1,"k":[{"i":{"x":[0.833],"y":[0.833]},"o":{"x":[0.167],"y":[0.167]},"t":0,"s":[0]},{"t":149.000006068894,"s":[1440]}],"ix":10},"p":{"a":0,"k":[200,200,0],"ix":2,"l":2},"a":{"a":0,"k":[117,117,0],"ix":1,"l":2},"s":{"a":0,"k":[100,100,100],"ix":6,"l":2}},"ao":0,"ip":0,"op":152.000006191087,"st":0,"bm":0},{"ddd":0,"ind":2,"ty":2,"nm":"1.ai","cl":"ai","refId":"image_1","sr":1,"ks":{"o":{"a":0,"k":100,"ix":11},"r":{"a":0,"k":1440,"ix":10},"p":{"a":0,"k":[200,200,0],"ix":2,"l":2},"a":{"a":0,"k":[116.5,116.5,0],"ix":1,"l":2},"s":{"a":0,"k":[100,100,100],"ix":6,"l":2}},"ao":0,"ip":0,"op":152.000006191087,"st":0,"bm":0}],"markers":[]}